date,anavar,trenbolone,blast and cruise,steroid cycle,ripped fast
2004-01-01,26,16,0,7,6
2004-02-01,25,12,6,0,0
2004-03-01,33,13,0,8,0
2004-04-01,23,14,0,6,0
2004-05-01,27,11,0,8,0
2004-06-01,30,16,0,11,0
2004-07-01,32,13,0,7,0
2004-08-01,30,14,0,6,0
2004-09-01,26,13,0,6,0
2004-10-01,24,12,0,8,0
2004-11-01,18,12,0,9,0
2004-12-01,17,8,0,0,0
2005-01-01,21,12,0,6,0
2005-02-01,27,10,0,9,0
2005-03-01,23,15,0,8,3
2005-04-01,27,17,0,9,0
2005-05-01,26,15,0,10,0
2005-06-01,21,11,0,6,3
2005-07-01,23,14,0,9,3
2005-08-01,25,15,0,8,0
2005-09-01,21,12,0,9,0
2005-10-01,21,13,0,6,4
2005-11-01,19,12,0,6,0
2005-12-01,22,10,0,6,0
2006-01-01,21,11,0,8,4
2006-02-01,25,11,0,6,6
2006-03-01,25,16,0,9,4
2006-04-01,29,18,0,7,4
2006-05-01,26,17,0,8,2
2006-06-01,22,14,0,8,4
2006-07-01,25,15,0,5,3
2006-08-01,23,13,0,5,4
2006-09-01,21,12,0,7,3
2006-10-01,22,12,0,6,3
2006-11-01,20,11,0,5,3
2006-12-01,17,11,0,6,0
2007-01-01,22,15,0,5,3
2007-02-01,22,18,0,6,3
2007-03-01,25,16,0,6,3
2007-04-01,28,16,0,8,5
2007-05-01,27,16,0,7,3
2007-06-01,26,16,0,6,4
2007-07-01,25,17,0,6,4
2007-08-01,25,14,0,8,4
2007-09-01,24,14,0,5,3
2007-10-01,23,11,0,7,3
2007-11-01,20,12,0,5,3
2007-12-01,24,15,0,7,3
2008-01-01,28,16,0,7,5
2008-02-01,29,18,0,8,4
2008-03-01,28,18,0,9,3
2008-04-01,33,18,0,8,5
2008-05-01,33,17,0,9,4
2008-06-01,31,18,0,7,4
2008-07-01,31,16,0,7,5
2008-08-01,31,18,0,9,4
2008-09-01,30,17,0,7,5
2008-10-01,26,15,0,9,6
2008-11-01,29,16,0,8,7
2008-12-01,27,13,0,7,6
2009-01-01,34,17,0,7,6
2009-02-01,37,19,0,10,7
2009-03-01,40,20,0,9,7
2009-04-01,40,22,0,10,8
2009-05-01,42,22,0,12,8
2009-06-01,38,17,0,11,8
2009-07-01,38,20,0,10,10
2009-08-01,38,20,0,11,12
2009-09-01,35,20,0,10,14
2009-10-01,35,19,0,10,21
2009-11-01,33,17,0,10,21
2009-12-01,36,17,0,11,16
2010-01-01,41,19,0,12,18
2010-02-01,42,18,0,12,14
2010-03-01,48,20,0,12,14
2010-04-01,52,21,0,13,12
2010-05-01,53,21,0,14,12
2010-06-01,48,19,0,12,12
2010-07-01,53,21,0,13,12
2010-08-01,56,19,0,15,10
2010-09-01,50,19,0,13,10
2010-10-01,50,19,0,13,10
2010-11-01,47,18,0,12,9
2010-12-01,45,15,0,12,9
2011-01-01,55,19,0,12,11
2011-02-01,65,21,0,13,11
2011-03-01,68,22,0,14,10
2011-04-01,72,24,0,16,11
2011-05-01,74,25,0,14,11
2011-06-01,70,24,0,15,11
2011-07-01,61,21,0,14,11
2011-08-01,62,21,0,16,10
2011-09-01,60,21,0,16,10
2011-10-01,60,20,0,14,10
2011-11-01,61,20,0,14,10
2011-12-01,52,19,0,13,9
2012-01-01,90,23,0,17,11
2012-02-01,77,24,0,16,10
2012-03-01,82,25,0,17,10
2012-04-01,84,25,0,18,11
2012-05-01,92,25,0,18,12
2012-06-01,84,25,0,18,12
2012-07-01,84,25,0,18,13
2012-08-01,73,25,0,19,13
2012-09-01,65,25,1,18,12
2012-10-01,68,23,0,18,11
2012-11-01,61,22,0,17,10
2012-12-01,53,20,0,15,10
2013-01-01,78,25,0,18,13
2013-02-01,87,26,0,18,13
2013-03-01,94,29,1,20,13
2013-04-01,97,27,0,19,13
2013-05-01,100,30,1,19,13
2013-06-01,94,27,1,18,13
2013-07-01,95,27,1,19,14
2013-08-01,86,28,1,20,12
2013-09-01,75,24,1,18,12
2013-10-01,74,24,1,18,11
2013-11-01,67,24,1,17,11
2013-12-01,55,23,1,15,9
2014-01-01,79,27,1,18,12
2014-02-01,89,28,1,19,10
2014-03-01,99,32,1,19,10
2014-04-01,99,31,1,19,10
2014-05-01,100,29,1,20,11
2014-06-01,84,28,1,18,10
2014-07-01,82,25,1,19,9
2014-08-01,76,25,1,19,9
2014-09-01,68,24,1,17,8
2014-10-01,67,23,1,17,7
2014-11-01,58,22,1,16,7
2014-12-01,50,21,1,16,7
2015-01-01,71,25,1,17,7
2015-02-01,75,26,1,17,7
2015-03-01,81,27,1,17,7
2015-04-01,88,28,1,18,8
2015-05-01,86,27,1,17,7
2015-06-01,86,25,1,16,7
2015-07-01,81,25,1,16,7
2015-08-01,72,24,1,16,7
2015-09-01,66,23,1,16,5
2015-10-01,60,22,1,16,6
2015-11-01,60,20,1,14,6
2015-12-01,53,20,1,16,6
2016-01-01,64,22,1,16,6
2016-02-01,68,22,1,15,6
2016-03-01,77,25,1,17,5
2016-04-01,82,26,1,16,5
2016-05-01,89,32,1,17,6
2016-06-01,81,26,1,16,6
2016-07-01,76,26,1,16,6
2016-08-01,66,21,1,14,4
2016-09-01,65,24,1,15,4
2016-10-01,60,23,1,15,5
2016-11-01,52,24,1,13,5
2016-12-01,45,22,1,14,4
2017-01-01,66,26,1,16,5
2017-02-01,73,32,1,16,4
2017-03-01,80,27,1,15,5
2017-04-01,79,26,1,16,4
2017-05-01,76,26,1,15,4
2017-06-01,77,26,1,14,4
2017-07-01,74,24,1,15,4
2017-08-01,67,22,1,15,4
2017-09-01,58,20,1,14,4
2017-10-01,56,22,1,14,3
2017-11-01,48,20,1,13,3
2017-12-01,44,20,1,12,3
2018-01-01,61,21,1,14,4
2018-02-01,64,25,1,13,3
2018-03-01,71,24,1,15,3
2018-04-01,71,22,1,13,3
2018-05-01,73,23,1,13,3
2018-06-01,71,22,1,13,3
2018-07-01,69,21,1,14,3
2018-08-01,59,20,1,13,3
2018-09-01,53,21,1,14,2
2018-10-01,48,19,1,12,2
2018-11-01,46,18,1,13,2
2018-12-01,42,20,1,13,2
2019-01-01,58,21,1,14,3
2019-02-01,63,21,1,14,3
2019-03-01,62,20,1,13,3
2019-04-01,64,23,1,13,3
2019-05-01,66,22,1,12,2
2019-06-01,64,21,1,13,2
2019-07-01,67,21,1,13,3
2019-08-01,57,20,1,13,3
2019-09-01,50,19,1,12,2
2019-10-01,50,18,1,12,2
2019-11-01,42,17,1,11,2
2019-12-01,37,17,1,10,2
2020-01-01,55,18,1,13,3
2020-02-01,59,20,1,13,2
2020-03-01,41,17,1,10,2
2020-04-01,31,14,1,9,2
2020-05-01,42,15,1,10,2
2020-06-01,48,16,1,10,2
2020-07-01,50,16,1,10,2
2020-08-01,48,16,1,10,2
2020-09-01,49,17,1,11,2
2020-10-01,43,15,1,11,2
2020-11-01,38,13,1,10,2
2020-12-01,32,16,1,10,2
2021-01-01,41,15,1,10,2
2021-02-01,43,16,1,11,2
2021-03-01,48,17,1,11,2
2021-04-01,50,19,1,10,2
2021-05-01,53,19,1,11,2
2021-06-01,56,21,1,10,2
2021-07-01,53,21,1,11,2
2021-08-01,53,19,1,11,1
2021-09-01,42,19,1,10,1
2021-10-01,40,20,1,9,2
2021-11-01,38,17,1,9,2
2021-12-01,35,18,1,9,1
2022-01-01,49,26,1,11,2
2022-02-01,54,25,1,11,2
2022-03-01,59,24,1,11,2
2022-04-01,70,23,1,10,1
2022-05-01,59,27,1,10,2
2022-06-01,59,24,1,9,2
2022-07-01,59,25,1,9,2
2022-08-01,59,22,1,10,1
2022-09-01,56,26,1,9,1
2022-10-01,61,31,1,8,1
2022-11-01,64,38,1,8,1
2022-12-01,55,44,1,9,1
2023-01-01,68,45,1,9,2
2023-02-01,69,46,1,10,1
2023-03-01,79,44,1,10,1
2023-04-01,80,43,1,10,1
2023-05-01,78,45,1,10,1
2023-06-01,87,42,1,10,1
2023-07-01,73,38,1,9,1
2023-08-01,69,35,1,9,1
2023-09-01,67,36,1,10,1
2023-10-01,64,42,1,9,1
2023-11-01,61,44,1,10,1
2023-12-01,63,42,1,10,1
2024-01-01,68,34,1,10,1
2024-02-01,72,36,1,10,1
2024-03-01,77,40,1,10,1
2024-04-01,73,33,1,9,1
2024-05-01,72,29,1,9,2
2024-06-01,74,28,1,9,4
2024-07-01,74,27,1,9,2
2024-08-01,75,30,1,10,2
2024-09-01,68,26,1,9,1
2024-10-01,62,29,1,10,1
2024-11-01,63,26,1,9,1
2024-12-01,54,25,1,9,1
