date,sarms,ostarine,rad 140,lgd,mk 677
2004-01-01,0,0,0,6,0
2004-02-01,0,0,0,9,0
2004-03-01,0,0,0,8,0
2004-04-01,0,0,0,6,0
2004-05-01,0,0,0,8,0
2004-06-01,0,0,0,7,0
2004-07-01,0,0,0,8,0
2004-08-01,0,0,0,6,0
2004-09-01,0,0,0,7,0
2004-10-01,0,0,0,9,0
2004-11-01,0,0,0,5,0
2004-12-01,0,0,0,10,0
2005-01-01,0,0,0,9,0
2005-02-01,0,0,0,9,0
2005-03-01,0,0,0,8,0
2005-04-01,0,0,0,7,0
2005-05-01,0,0,0,8,0
2005-06-01,0,0,0,10,0
2005-07-01,0,0,0,9,0
2005-08-01,0,0,0,7,0
2005-09-01,0,0,0,8,0
2005-10-01,0,0,0,7,0
2005-11-01,0,0,0,7,0
2005-12-01,0,0,0,7,0
2006-01-01,0,0,0,7,0
2006-02-01,0,0,0,8,0
2006-03-01,0,0,0,10,0
2006-04-01,0,0,0,8,0
2006-05-01,0,0,0,8,0
2006-06-01,0,0,0,10,0
2006-07-01,0,0,0,7,0
2006-08-01,0,0,0,8,0
2006-09-01,0,0,0,8,0
2006-10-01,0,0,0,8,0
2006-11-01,0,0,0,9,0
2006-12-01,0,0,0,8,0
2007-01-01,0,0,0,8,0
2007-02-01,0,0,0,8,0
2007-03-01,0,0,0,7,0
2007-04-01,0,0,0,8,0
2007-05-01,1,0,0,9,0
2007-06-01,0,0,0,10,0
2007-07-01,1,0,0,8,0
2007-08-01,0,0,0,8,0
2007-09-01,0,0,0,8,0
2007-10-01,1,0,0,9,0
2007-11-01,1,0,0,8,0
2007-12-01,0,0,0,8,0
2008-01-01,1,0,0,9,0
2008-02-01,0,0,0,10,0
2008-03-01,1,0,0,9,0
2008-04-01,1,0,0,10,0
2008-05-01,0,0,0,9,0
2008-06-01,1,0,0,9,0
2008-07-01,0,0,0,10,0
2008-08-01,1,0,0,9,0
2008-09-01,1,0,0,10,0
2008-10-01,0,0,0,10,0
2008-11-01,1,0,0,9,0
2008-12-01,1,0,0,9,0
2009-01-01,1,0,0,9,0
2009-02-01,1,0,0,10,0
2009-03-01,1,0,0,9,0
2009-04-01,1,0,0,10,0
2009-05-01,1,0,0,10,0
2009-06-01,1,0,0,11,0
2009-07-01,1,0,0,11,0
2009-08-01,1,0,0,11,0
2009-09-01,1,0,0,12,0
2009-10-01,1,0,0,11,0
2009-11-01,1,0,0,13,0
2009-12-01,1,0,0,13,0
2010-01-01,1,0,0,13,0
2010-02-01,1,0,0,12,0
2010-03-01,1,0,0,14,0
2010-04-01,1,0,0,12,0
2010-05-01,2,0,0,15,0
2010-06-01,1,0,0,15,0
2010-07-01,1,0,0,14,0
2010-08-01,2,0,0,14,0
2010-09-01,1,1,0,15,0
2010-10-01,1,1,0,15,0
2010-11-01,1,1,0,16,0
2010-12-01,1,1,0,15,0
2011-01-01,1,2,0,16,0
2011-02-01,1,1,0,15,0
2011-03-01,1,1,0,15,0
2011-04-01,1,1,0,16,0
2011-05-01,1,1,0,16,0
2011-06-01,1,1,0,21,0
2011-07-01,1,1,0,17,0
2011-08-01,1,1,0,24,0
2011-09-01,2,2,0,17,0
2011-10-01,1,1,0,15,0
2011-11-01,1,1,0,16,0
2011-12-01,1,1,0,16,0
2012-01-01,1,2,0,16,0
2012-02-01,2,2,0,19,0
2012-03-01,1,2,0,17,0
2012-04-01,2,2,0,16,0
2012-05-01,2,2,0,17,0
2012-06-01,2,2,0,18,0
2012-07-01,2,3,0,17,0
2012-08-01,2,3,0,18,0
2012-09-01,2,3,0,22,0
2012-10-01,2,2,0,19,0
2012-11-01,2,2,0,19,0
2012-12-01,2,2,0,19,0
2013-01-01,2,2,0,21,0
2013-02-01,3,3,0,20,0
2013-03-01,2,3,0,23,0
2013-04-01,2,3,0,21,0
2013-05-01,2,2,0,25,0
2013-06-01,2,3,0,22,0
2013-07-01,2,3,0,27,0
2013-08-01,2,2,0,26,0
2013-09-01,2,2,0,22,0
2013-10-01,1,2,0,21,0
2013-11-01,2,2,0,19,0
2013-12-01,2,2,0,19,0
2014-01-01,2,3,0,18,0
2014-02-01,2,3,0,18,0
2014-03-01,6,3,0,19,0
2014-04-01,3,2,0,20,0
2014-05-01,3,3,0,21,0
2014-06-01,2,3,0,20,0
2014-07-01,3,3,0,24,0
2014-08-01,2,3,0,24,0
2014-09-01,3,3,0,24,0
2014-10-01,3,3,0,23,0
2014-11-01,2,3,0,19,0
2014-12-01,3,4,0,20,0
2015-01-01,3,4,0,19,0
2015-02-01,4,4,0,21,0
2015-03-01,5,5,0,21,0
2015-04-01,6,6,0,22,1
2015-05-01,6,6,0,25,1
2015-06-01,7,6,0,21,1
2015-07-01,7,6,0,25,1
2015-08-01,8,6,0,47,1
2015-09-01,9,6,0,38,1
2015-10-01,11,7,1,61,1
2015-11-01,12,7,1,33,2
2015-12-01,12,7,1,26,2
2016-01-01,11,7,1,25,2
2016-02-01,12,9,1,23,2
2016-03-01,11,7,1,24,2
2016-04-01,11,7,1,27,2
2016-05-01,13,10,1,21,2
2016-06-01,12,9,1,29,3
2016-07-01,13,8,1,22,3
2016-08-01,14,9,1,26,3
2016-09-01,15,7,1,25,3
2016-10-01,14,7,1,27,3
2016-11-01,14,8,1,26,3
2016-12-01,15,8,1,25,3
2017-01-01,17,8,2,24,4
2017-02-01,17,10,2,24,4
2017-03-01,18,9,2,28,4
2017-04-01,18,8,2,27,4
2017-05-01,18,9,2,25,4
2017-06-01,18,9,2,29,4
2017-07-01,18,8,2,24,4
2017-08-01,18,8,2,40,5
2017-09-01,18,7,2,23,5
2017-10-01,22,8,3,24,4
2017-11-01,23,8,3,25,4
2017-12-01,22,9,2,23,5
2018-01-01,27,10,3,29,6
2018-02-01,31,12,3,29,5
2018-03-01,33,11,3,26,5
2018-04-01,36,12,3,31,6
2018-05-01,38,11,3,30,5
2018-06-01,30,10,3,27,6
2018-07-01,30,10,3,24,6
2018-08-01,30,9,3,50,5
2018-09-01,28,10,3,22,6
2018-10-01,35,11,3,25,7
2018-11-01,35,11,4,23,6
2018-12-01,31,52,3,21,6
2019-01-01,34,20,4,28,7
2019-02-01,34,15,4,24,7
2019-03-01,34,12,5,25,7
2019-04-01,39,16,5,23,7
2019-05-01,38,14,6,26,7
2019-06-01,39,18,7,28,8
2019-07-01,37,15,6,24,7
2019-08-01,40,14,7,47,7
2019-09-01,38,13,7,25,7
2019-10-01,41,13,7,28,7
2019-11-01,42,13,8,24,7
2019-12-01,41,14,9,25,7
2020-01-01,47,17,9,26,8
2020-02-01,47,17,10,29,8
2020-03-01,33,12,7,24,6
2020-04-01,32,10,6,20,5
2020-05-01,33,12,7,26,7
2020-06-01,38,13,8,29,7
2020-07-01,43,15,9,30,7
2020-08-01,42,14,9,31,7
2020-09-01,44,14,9,45,8
2020-10-01,42,14,9,36,8
2020-11-01,42,14,8,24,6
2020-12-01,42,13,8,22,6
2021-01-01,44,14,9,26,7
2021-02-01,51,16,9,23,8
2021-03-01,53,15,10,24,8
2021-04-01,68,15,11,24,8
2021-05-01,68,14,13,23,9
2021-06-01,61,14,11,32,9
2021-07-01,51,15,10,21,7
2021-08-01,50,36,10,23,8
2021-09-01,42,14,9,22,7
2021-10-01,39,12,9,50,7
2021-11-01,38,12,8,23,7
2021-12-01,39,10,9,22,7
2022-01-01,48,13,10,29,9
2022-02-01,46,16,10,27,9
2022-03-01,47,14,10,24,9
2022-04-01,46,14,10,24,9
2022-05-01,42,13,9,24,9
2022-06-01,40,12,9,24,7
2022-07-01,38,13,9,26,7
2022-08-01,38,13,8,32,6
2022-09-01,36,12,8,25,7
2022-10-01,35,12,9,36,7
2022-11-01,33,11,8,19,7
2022-12-01,39,13,9,19,8
2023-01-01,41,13,11,29,11
2023-02-01,43,12,11,24,13
2023-03-01,39,13,11,22,11
2023-04-01,40,18,11,19,14
2023-05-01,36,12,10,26,15
2023-06-01,38,14,11,25,12
2023-07-01,36,12,10,28,11
2023-08-01,32,14,10,22,10
2023-09-01,33,11,9,21,12
2023-10-01,30,10,9,35,10
2023-11-01,29,9,9,22,11
2023-12-01,28,9,9,20,15
2024-01-01,34,11,11,31,27
2024-02-01,32,13,13,30,23
2024-03-01,34,11,12,23,16
2024-04-01,32,9,12,20,16
2024-05-01,33,100,12,23,15
2024-06-01,30,22,10,23,15
2024-07-01,27,11,10,25,15
2024-08-01,29,10,9,22,16
2024-09-01,26,9,9,21,16
2024-10-01,27,9,9,21,17
2024-11-01,24,9,7,20,16
2024-12-01,21,7,8,20,22
