date,HIIT for heart,mobility training,heart rate zones,walk for health,VO2 max
2004-01-01,0,0,5,0,28
2004-02-01,0,0,5,0,31
2004-03-01,0,0,0,0,39
2004-04-01,0,0,5,0,38
2004-05-01,0,0,5,0,33
2004-06-01,0,0,3,0,21
2004-07-01,0,0,0,0,30
2004-08-01,0,0,6,0,21
2004-09-01,0,0,5,0,26
2004-10-01,0,0,0,3,36
2004-11-01,0,3,5,0,38
2004-12-01,0,0,5,0,28
2005-01-01,0,2,3,0,27
2005-02-01,0,0,7,0,37
2005-03-01,0,0,5,0,34
2005-04-01,0,3,4,0,34
2005-05-01,0,3,3,2,31
2005-06-01,0,0,3,0,27
2005-07-01,0,2,5,3,27
2005-08-01,0,3,4,2,24
2005-09-01,0,0,3,2,31
2005-10-01,0,2,2,2,39
2005-11-01,0,2,4,0,37
2005-12-01,0,0,3,0,28
2006-01-01,0,2,7,2,34
2006-02-01,0,2,5,2,32
2006-03-01,0,0,4,3,41
2006-04-01,0,0,4,3,33
2006-05-01,0,0,5,2,30
2006-06-01,0,2,4,2,23
2006-07-01,0,2,4,2,23
2006-08-01,0,2,4,2,22
2006-09-01,0,2,3,3,27
2006-10-01,0,2,3,2,32
2006-11-01,0,1,4,1,30
2006-12-01,0,1,5,0,24
2007-01-01,0,1,7,2,28
2007-02-01,0,0,5,2,28
2007-03-01,0,2,4,2,32
2007-04-01,0,1,5,2,30
2007-05-01,0,2,4,2,27
2007-06-01,0,1,3,2,22
2007-07-01,0,1,4,2,20
2007-08-01,0,2,4,2,20
2007-09-01,0,1,4,2,25
2007-10-01,0,2,4,2,31
2007-11-01,0,2,4,2,30
2007-12-01,0,1,3,2,25
2008-01-01,0,2,6,2,25
2008-02-01,0,1,4,2,30
2008-03-01,0,1,4,1,32
2008-04-01,0,1,5,3,32
2008-05-01,0,2,4,2,27
2008-06-01,0,2,4,2,23
2008-07-01,0,2,4,2,19
2008-08-01,0,2,4,2,21
2008-09-01,0,2,6,3,25
2008-10-01,0,2,5,2,27
2008-11-01,0,1,5,1,28
2008-12-01,0,1,7,1,21
2009-01-01,0,2,11,2,22
2009-02-01,0,2,9,1,28
2009-03-01,0,2,7,2,28
2009-04-01,0,2,7,3,28
2009-05-01,0,1,8,2,26
2009-06-01,1,2,8,2,23
2009-07-01,0,2,9,2,26
2009-08-01,0,2,9,3,23
2009-09-01,0,1,8,2,28
2009-10-01,0,2,9,3,30
2009-11-01,0,2,8,2,26
2009-12-01,0,1,8,1,22
2010-01-01,0,1,13,3,22
2010-02-01,0,2,12,2,26
2010-03-01,0,2,10,2,28
2010-04-01,0,2,10,3,27
2010-05-01,0,2,9,3,24
2010-06-01,0,2,9,2,20
2010-07-01,0,1,8,2,17
2010-08-01,0,1,9,3,18
2010-09-01,0,1,8,3,24
2010-10-01,0,2,8,2,26
2010-11-01,0,2,8,2,26
2010-12-01,0,1,8,2,19
2011-01-01,0,1,12,2,21
2011-02-01,0,1,11,3,24
2011-03-01,0,2,10,2,27
2011-04-01,0,2,9,3,24
2011-05-01,0,2,9,3,22
2011-06-01,0,2,9,2,20
2011-07-01,0,1,9,2,16
2011-08-01,0,1,9,2,17
2011-09-01,0,2,9,3,21
2011-10-01,0,2,8,2,26
2011-11-01,0,1,8,2,24
2011-12-01,0,1,9,2,19
2012-01-01,0,1,14,2,20
2012-02-01,0,2,12,3,24
2012-03-01,0,2,11,3,25
2012-04-01,0,2,12,3,23
2012-05-01,0,2,10,3,22
2012-06-01,0,1,12,3,18
2012-07-01,0,2,13,2,16
2012-08-01,0,1,12,3,17
2012-09-01,0,1,11,3,23
2012-10-01,0,2,8,3,26
2012-11-01,0,1,8,3,25
2012-12-01,0,1,8,2,17
2013-01-01,0,2,12,3,20
2013-02-01,0,2,12,2,24
2013-03-01,0,2,11,3,24
2013-04-01,0,2,11,3,26
2013-05-01,0,2,9,3,23
2013-06-01,0,2,9,2,20
2013-07-01,0,2,10,3,18
2013-08-01,0,2,10,3,17
2013-09-01,0,2,8,3,23
2013-10-01,0,2,9,4,25
2013-11-01,0,2,8,2,27
2013-12-01,0,2,7,3,19
2014-01-01,0,2,12,2,22
2014-02-01,0,2,9,3,27
2014-03-01,0,2,9,3,27
2014-04-01,0,2,9,3,24
2014-05-01,0,2,9,3,23
2014-06-01,0,2,9,2,19
2014-07-01,0,2,9,3,16
2014-08-01,0,2,8,3,16
2014-09-01,0,2,8,3,21
2014-10-01,0,2,8,4,24
2014-11-01,0,2,8,3,22
2014-12-01,0,1,8,2,18
2015-01-01,0,2,13,3,20
2015-02-01,0,2,11,3,23
2015-03-01,0,2,10,3,21
2015-04-01,0,2,9,3,23
2015-05-01,0,2,9,3,20
2015-06-01,0,2,10,3,19
2015-07-01,0,2,11,3,17
2015-08-01,0,2,7,3,16
2015-09-01,0,2,10,3,21
2015-10-01,0,2,9,3,23
2015-11-01,0,2,9,2,23
2015-12-01,0,2,11,2,20
2016-01-01,0,3,13,3,19
2016-02-01,0,3,8,3,24
2016-03-01,0,2,10,3,25
2016-04-01,0,3,12,3,23
2016-05-01,0,2,12,3,21
2016-06-01,0,2,11,3,18
2016-07-01,0,2,9,3,17
2016-08-01,0,2,8,2,17
2016-09-01,0,2,11,4,24
2016-10-01,0,2,10,3,22
2016-11-01,0,2,8,3,22
2016-12-01,0,2,7,3,18
2017-01-01,1,2,14,3,22
2017-02-01,0,2,14,5,23
2017-03-01,0,3,12,4,23
2017-04-01,0,3,11,4,24
2017-05-01,0,2,8,4,22
2017-06-01,0,2,9,3,22
2017-07-01,0,2,13,3,20
2017-08-01,0,2,13,3,19
2017-09-01,0,2,10,3,24
2017-10-01,0,2,8,4,27
2017-11-01,0,3,9,3,25
2017-12-01,0,2,12,3,24
2018-01-01,1,3,17,3,26
2018-02-01,1,3,10,4,30
2018-03-01,1,3,9,3,31
2018-04-01,0,3,12,3,31
2018-05-01,0,2,12,3,32
2018-06-01,0,2,9,3,27
2018-07-01,0,2,9,3,25
2018-08-01,0,2,12,3,29
2018-09-01,1,3,11,4,31
2018-10-01,0,2,8,4,34
2018-11-01,0,2,9,3,31
2018-12-01,0,2,12,3,28
2019-01-01,1,3,17,4,39
2019-02-01,1,3,16,4,38
2019-03-01,0,3,15,4,39
2019-04-01,0,3,13,4,41
2019-05-01,0,3,13,4,38
2019-06-01,0,2,14,4,34
2019-07-01,0,2,13,4,35
2019-08-01,0,2,13,4,37
2019-09-01,0,3,12,4,38
2019-10-01,0,3,11,4,41
2019-11-01,0,3,11,4,38
2019-12-01,0,2,12,3,37
2020-01-01,1,3,17,4,45
2020-02-01,1,3,16,4,45
2020-03-01,0,3,12,5,40
2020-04-01,1,3,16,4,54
2020-05-01,1,3,17,3,63
2020-06-01,1,3,16,3,56
2020-07-01,1,2,15,4,51
2020-08-01,1,3,14,3,47
2020-09-01,1,3,14,4,59
2020-10-01,1,3,12,4,51
2020-11-01,1,3,11,4,49
2020-12-01,1,2,12,4,50
2021-01-01,1,3,15,4,62
2021-02-01,1,3,14,4,60
2021-03-01,1,3,12,4,58
2021-04-01,1,2,12,4,54
2021-05-01,1,2,11,4,50
2021-06-01,0,2,11,4,49
2021-07-01,0,2,11,5,44
2021-08-01,0,4,10,5,46
2021-09-01,0,3,9,6,43
2021-10-01,0,3,9,6,44
2021-11-01,0,3,9,6,40
2021-12-01,0,3,9,6,38
2022-01-01,1,3,14,8,51
2022-02-01,0,4,12,7,52
2022-03-01,1,4,10,6,50
2022-04-01,1,4,10,6,50
2022-05-01,0,3,10,6,49
2022-06-01,0,4,10,5,49
2022-07-01,0,4,10,5,47
2022-08-01,0,4,11,5,55
2022-09-01,0,4,12,6,55
2022-10-01,0,3,12,6,54
2022-11-01,0,3,11,5,48
2022-12-01,0,3,11,5,43
2023-01-01,1,4,16,5,60
2023-02-01,1,5,15,6,61
2023-03-01,1,4,13,6,58
2023-04-01,0,4,13,6,64
2023-05-01,0,4,15,6,69
2023-06-01,0,5,14,5,67
2023-07-01,1,5,17,5,76
2023-08-01,0,4,16,5,72
2023-09-01,1,4,15,6,69
2023-10-01,1,5,14,6,66
2023-11-01,0,5,12,5,61
2023-12-01,1,5,13,5,59
2024-01-01,1,5,16,5,84
2024-02-01,1,5,19,6,97
2024-03-01,1,5,17,6,95
2024-04-01,1,6,18,6,92
2024-05-01,1,5,18,7,100
2024-06-01,1,4,18,5,99
2024-07-01,0,4,16,5,97
2024-08-01,1,5,17,6,97
2024-09-01,0,5,16,7,97
2024-10-01,1,5,16,7,93
2024-11-01,0,5,14,7,83
2024-12-01,1,5,14,7,83
